id,view,desc,img
0xc1b5febb9f816558d3b5ac4a9ffe389e,0,Автоматично згенерований блок #0,
0x1cafb24d049dcd1e7707a22d98e9858f,1,Автоматично згенерований блок #1,
0x741609f9002bd54a24e5c49cb5af953b,2,Автоматично згенерований блок #2,
0x5ac206a89ea76855804609cd950fcaf7,3,Автоматично згенерований блок #3,
0x1b93c134b90c6071b4dc3f495464b753,4,Автоматично згенерований блок #4,
0x5633a92d35b966c2ba2f1e859e7bdd69,5,Автоматично згенерований блок #5,
0x8b7b3c1c76e91f88d33c08b3736aa67a,6,Автоматично згенерований блок #6,
0xe88847e78ccd9fdb54482c7fa15982bf,7,Автоматично згенерований блок #7,
0x31de5683116b8d79b08fa2d768e33df6,8,Автоматично згенерований блок #8,
0x493aff9450b0b89b29b367693300b74a,9,Автоматично згенерований блок #9,
0x3d3a9e2eb4f30c73ea6671464e2a54b5,10,Автоматично згенерований блок #10,
0x9d78f2e21a0e8d6e5a75ac4e4a939832,11,Автоматично згенерований блок #11,
0xb6e02e45ca70d110df0019b9fe339c70,12,Автоматично згенерований блок #12,
0x4d6cc5b8235f826b2c67847b967f8695,13,Автоматично згенерований блок #13,
0x888134b28b1397ffae87a0ab1e117954,14,Автоматично згенерований блок #14,
0x36bfb7176e3e8bfebe718035887e4efc,15,Автоматично згенерований блок #15,
0x7a58987b486424ad79b62aa427dab1df,16,Автоматично згенерований блок #16,
0xa7b26eafd8fd23d18ca4410ac5359e0e,17,Автоматично згенерований блок #17,
0xa573badcfa856325a7f6c5597efaaedf,18,Автоматично згенерований блок #18,
0x95ef042b11da42ac166eeedeb998f688,19,Автоматично згенерований блок #19,
0x9e3305d0d08ff111955ebd93afd10878,20,Автоматично згенерований блок #20,
0xb5dae26bebf2908c0e8dd3b8a66868fe,21,Автоматично згенерований блок #21,
0x94f5bf092e8d98af576ee351987de4f0,22,Автоматично згенерований блок #22,
0x74d7c78a3a1e33cef2750a2b7b35d2ed,23,Автоматично згенерований блок #23,
0x7b14d2c2dfc862f67bd2c3471bf87b3f,24,Автоматично згенерований блок #24,
0x53925f69af584b25346d0c0b3ee74ea1,25,Автоматично згенерований блок #25,
0x3ac805f6d87af32d44de92b042d51285,26,Автоматично згенерований блок #26,
0x3e01a7fa47957b2f627d012fe630f5c6,27,Автоматично згенерований блок #27,
0x53070549816cbd8f006da724de818c2e,28,Автоматично згенерований блок #28,
0x7a69fb6632f5876efd3160114758a106,29,Автоматично згенерований блок #29,
0x7d6bbe1829627ce93319dc72963759a2,30,Автоматично згенерований блок #30,
0x802464714d4d10a819efb803557e9689,31,Автоматично згенерований блок #31,
0xb3975f01ce8b0eb0c9b11526d9b4c7bf,32,Автоматично згенерований блок #32,
0x79232c367b45a2128d6a8d7ae0217075,33,Автоматично згенерований блок #33,
0xcaed1f338455c425853a4f32b00aa739,34,Автоматично згенерований блок #34,
0x5cb260c13bb77991855d9c76f8d1d4c8,35,Автоматично згенерований блок #35,
0xd83dadc1d9eb82a4be83885f2efeee52,36,Автоматично згенерований блок #36,
0x9db18ed28bd6c0256461e303941d7e7a,37,Автоматично згенерований блок #37,
0x31c8140a2e1dc585c5111b6d2281821d,38,Автоматично згенерований блок #38,
0x478b4d0990e492511bea1e634e90a7b7,39,Автоматично згенерований блок #39,
0xf9b0119a4fce7561a213cdc9af189098,40,Автоматично згенерований блок #40,
0x6f6a564ac5dc1fa713a326239c5c2f5d,41,Автоматично згенерований блок #41,
0x43c951d8803e4d3c0a4d98e76e8fcc55,42,Автоматично згенерований блок #42,
0x972fd564a6e3598bb31ccdc27b33ca68,43,Автоматично згенерований блок #43,
0x0add9c67393c4454d39a78904e0baac0,44,Автоматично згенерований блок #44,
0xc7f0164139c159e5c4e7786790ae469d,45,Автоматично згенерований блок #45,
0x363aa18e6c32ff15fa5ec3b09cbefbf6,46,Автоматично згенерований блок #46,
0x0eef7b353fcd1e431bd36a533e32c19f,47,Автоматично згенерований блок #47,
0x92409a09f2fd78349ae7c7f2064bf25a,48,Автоматично згенерований блок #48,
0x07bdd21ab547687f72d1294bbd35ef3e,49,Автоматично згенерований блок #49,
